mae,mse,r2,rmse
0.549221107899846,0.5318048174230451,0.6781757695096761,0.729249489148292
