mae,mse,r2,rmse
0.436722297981573,0.34701469814940605,0.6707986708380631,0.589079534655047
