mae,mse,r2,rmse
0.078154251650042,0.011209916925516001,0.671153058869271,0.10587689514486301
