mae,mse,r2,rmse
0.671264709550888,0.7733711026325301,0.523162409223469,0.879415204913202
